Date,temperature,radiation,total,total_filter
2021-01-04 00:00:00+00:00,1.4,0.0,3.541000000000491,2.886666666666648
2021-01-04 00:15:00+00:00,1.375,0.0,3.061999999998759,3.06200000000008
2021-01-04 00:30:00+00:00,1.35,0.0,2.5830000000009905,2.6603333333332677
2021-01-04 00:45:00+00:00,1.325,0.0,2.336000000000054,2.4320000000003694
2021-01-04 01:00:00+00:00,1.3,0.0,2.3770000000000646,2.363333333333749
2021-01-04 01:15:00+00:00,1.175,0.0,2.37700000000113,2.513666666665531
2021-01-04 01:30:00+00:00,1.05,0.0,2.7869999999954,2.4973333333325365
2021-01-04 01:45:00+00:00,0.925,0.0,2.328000000001082,2.409333333332103
2021-01-04 02:00:00+00:00,0.8,0.0,2.112999999999828,2.3136666666678543
2021-01-04 02:15:00+00:00,0.7000000000000001,0.0,2.500000000002655,2.284333333333832
2021-01-04 02:30:00+00:00,0.6000000000000001,0.0,2.239999999999012,2.296999999999843
2021-01-04 02:45:00+00:00,0.5,0.0,2.1509999999978624,2.159249999998168
2021-01-04 03:00:00+00:00,0.38125,0.0,2.0867499999976307,2.0867499999976302
2021-01-04 03:15:00+00:00,0.2625,0.0,2.0224999999973985,2.022499999997398
2021-01-04 03:30:00+00:00,0.14375,0.0,1.9582499999971668,1.9582499999971663
2021-01-04 03:45:00+00:00,0.025,0.0,1.893999999996935,2.0114166666656854
2021-01-04 04:00:00+00:00,-0.1,0.0,2.182000000002956,2.152666666666821
2021-01-04 04:15:00+00:00,-0.15,0.0,2.382000000000573,2.256333333333551
2021-01-04 04:30:00+00:00,-0.2,0.0,2.204999999997127,2.1936666666654863
2021-01-04 04:45:00+00:00,-0.25,0.0,1.993999999998761,2.11966666666563
2021-01-04 05:00:00+00:00,-0.3,0.0,2.160000000001004,2.0900000000011048
2021-01-04 05:15:00+00:00,-0.35,0.0,2.1160000000035506,2.3580000000011343
2021-01-04 05:30:00+00:00,-0.4,0.0,2.7979999999988503,2.4296666666678166
2021-01-04 05:45:00+00:00,-0.45,0.0,2.37500000000105,2.8499999999996413
2021-01-04 06:00:00+00:00,-0.5,0.0,3.376999999999027,2.956666666666097
2021-01-04 06:15:00+00:00,-0.525,0.0,3.117999999998217,3.060666666665954
2021-01-04 06:30:00+00:00,-0.55,0.0,2.6870000000006207,2.8236666666665085
2021-01-04 06:45:00+00:00,-0.575,0.0,2.6660000000006905,2.628000000000936
2021-01-04 07:00:00+00:00,-0.6,0.0,2.5310000000014967,2.825666666666793
2021-01-04 07:15:00+00:00,-0.1999999999999999,4.25,3.2799999999981924,3.223666666666912
2021-01-04 07:30:00+00:00,0.2,8.5,3.8600000000010497,3.710666666665552
2021-01-04 07:45:00+00:00,0.6000000000000002,12.750000000000002,3.991999999997416,4.241666666666266
2021-01-04 08:00:00+00:00,1.0,17.0,4.873000000000333,4.641666666666181
2021-01-04 08:15:00+00:00,1.9,49.75,5.0600000000007945,5.005333333333376
2021-01-04 08:30:00+00:00,2.8,82.5,5.082999999999004,5.266000000000031
2021-01-04 08:45:00+00:00,3.7,115.25,5.655000000000297,5.391000000000273
2021-01-04 09:00:00+00:00,4.6,148.0,5.435000000001518,5.548666666666949
2021-01-04 09:15:00+00:00,5.475,186.5,5.555999999999032,5.4793333333333125
2021-01-04 09:30:00+00:00,6.35,225.0,5.44699999999939,5.6320000000004535
2021-01-04 09:45:00+00:00,7.225,263.5,5.893000000002941,5.760999999999932
2021-01-04 10:00:00+00:00,8.1,302.0,5.942999999997464,5.79400000000133
2021-01-04 10:15:00+00:00,8.65,332.0,5.54600000000359,5.784666666666623
2021-01-04 10:30:00+00:00,9.2,362.0,5.864999999998815,5.319333333334004
2021-01-04 10:45:00+00:00,9.75,392.0,4.546999999999609,5.011666666665697
2021-01-04 11:00:00+00:00,10.3,422.0,4.622999999998669,4.5213333333329055
2021-01-04 11:15:00+00:00,10.8,439.5,4.394000000000441,4.479333333333142
2021-01-04 11:30:00+00:00,11.3,457.0,4.421000000000319,4.304333333333255
2021-01-04 11:45:00+00:00,11.8,474.5,4.097999999999008,4.203333333334036
2021-01-04 12:00:00+00:00,12.3,492.0,4.091000000002781,4.035333333334104
2021-01-04 12:15:00+00:00,12.6,485.0,3.917000000000524,4.222666666667411
2021-01-04 12:30:00+00:00,12.9,478.0,4.659999999998931,4.509333333333076
2021-01-04 12:45:00+00:00,13.2,471.0,4.950999999999776,5.035666666666232
2021-01-04 13:00:00+00:00,13.5,464.0,5.495999999999991,5.22766666666576
2021-01-04 13:15:00+00:00,13.625,443.25,5.235999999997516,5.150666666666779
2021-01-04 13:30:00+00:00,13.75,422.5,4.72000000000283,4.644333333333288
2021-01-04 13:45:00+00:00,13.875,401.75,3.976999999999519,4.529000000001066
2021-01-04 14:00:00+00:00,14.0,381.0,4.89000000000085,4.726666666666798
2021-01-04 14:15:00+00:00,13.95,357.25,5.313000000000028,5.099666666666416
2021-01-04 14:30:00+00:00,13.9,333.5,5.095999999998372,5.265999999998906
2021-01-04 14:45:00+00:00,13.85,309.75,5.388999999998319,5.1656666666657935
2021-01-04 15:00:00+00:00,13.8,286.0,5.012000000000694,5.202000000000452
2021-01-04 15:15:00+00:00,13.525,254.5,5.205000000002343,4.659333333334078
2021-01-04 15:30:00+00:00,13.25,223.0,3.760999999999197,4.28466666666763
2021-01-04 15:45:00+00:00,12.975,191.5,3.888000000001352,4.04633333333365
2021-01-04 16:00:00+00:00,12.7,160.0,4.490000000000403,4.682333333333498
2021-01-04 16:15:00+00:00,12.25,127.5,5.668999999998742,4.897666666666022
2021-01-04 16:30:00+00:00,11.8,95.0,4.533999999998922,5.214999999999553
2021-01-04 16:45:00+00:00,11.35,62.5,5.442000000000997,5.037333333333469
2021-01-04 17:00:00+00:00,10.9,30.0,5.136000000000489,4.943333333334574
2021-01-04 17:15:00+00:00,10.7,22.5,4.252000000002239,4.518666666666572
2021-01-04 17:30:00+00:00,10.5,15.0,4.167999999996991,4.417666666667138
2021-01-04 17:45:00+00:00,10.3,7.5,4.833000000002185,4.234999999998917
2021-01-04 18:00:00+00:00,10.1,0.0,3.703999999997576,4.369999999999425
2021-01-04 18:15:00+00:00,9.8,0.0,4.572999999998514,4.197333333332672
2021-01-04 18:30:00+00:00,9.5,0.0,4.315000000001927,4.480666666666799
2021-01-04 18:45:00+00:00,9.2,0.0,4.553999999999954,4.751999999999569
2021-01-04 19:00:00+00:00,8.9,0.0,5.386999999996827,5.650333333332657
2021-01-04 19:15:00+00:00,8.475,0.0,7.010000000001193,5.962666666666166
2021-01-04 19:30:00+00:00,8.05,0.0,5.491000000000478,5.750000000000731
2021-01-04 19:45:00+00:00,7.625,0.0,4.749000000000523,5.081999999999954
2021-01-04 20:00:00+00:00,7.2,0.0,5.00599999999886,4.8510000000004005
2021-01-04 20:15:00+00:00,7.225,0.0,4.79800000000182,5.393333333332876
2021-01-04 20:30:00+00:00,7.25,0.0,6.375999999997947,5.561333333333333
2021-01-04 20:45:00+00:00,7.275,0.0,5.5100000000002325,5.908333333333263
2021-01-04 21:00:00+00:00,7.3,0.0,5.839000000001612,5.569666666667017
2021-01-04 21:15:00+00:00,7.25,0.0,5.359999999999208,5.54666666666725
2021-01-04 21:30:00+00:00,7.199999999999999,0.0,5.441000000000935,5.299000000000074
2021-01-04 21:45:00+00:00,7.15,0.0,5.096000000000082,5.242000000000494
2021-01-04 22:00:00+00:00,7.1,0.0,5.189000000000466,5.283333333333779
2021-01-04 22:15:00+00:00,6.9,0.0,5.565000000000789,5.214999999998841
2021-01-04 22:30:00+00:00,6.699999999999999,0.0,4.890999999995269,4.977999999999435
2021-01-04 22:45:00+00:00,6.5,0.0,4.478000000002249,4.703999999999199
2021-01-04 23:00:00+00:00,6.3,0.0,4.743000000000079,4.418000000000363
2021-01-04 23:15:00+00:00,6.025,0.0,4.032999999998764,4.303999999999422
2021-01-04 23:30:00+00:00,5.75,0.0,4.135999999999424,4.238333333333048
2021-01-04 23:45:00+00:00,5.475,0.0,4.546000000000956,4.073666666667223
2021-01-05 00:00:00+00:00,5.2,0.0,3.5390000000012924,3.7900000000008975
2021-01-05 00:15:00+00:00,5.125,0.0,3.2850000000004487,3.349333333333483
2021-01-05 00:30:00+00:00,5.050000000000001,0.0,3.223999999998709,2.851999999999489
2021-01-05 00:45:00+00:00,4.9750000000000005,0.0,2.046999999999312,2.5633333333331128
2021-01-05 01:00:00+00:00,4.9,0.0,2.4190000000013177,2.2240000000007067
2021-01-05 01:15:00+00:00,4.7,0.0,2.206000000001492,2.3560000000004
2021-01-05 01:30:00+00:00,4.5,0.0,2.4429999999983893,2.245666666666814
2021-01-05 01:45:00+00:00,4.3,0.0,2.0880000000005623,2.268333333333533
2021-01-05 02:00:00+00:00,4.1,0.0,2.274000000001648,2.348999999999467
2021-01-05 02:15:00+00:00,3.975,0.0,2.6849999999961907,2.4733333333329663
2021-01-05 02:30:00+00:00,3.85,0.0,2.461000000001061,2.837666666666125
2021-01-05 02:45:00+00:00,3.725,0.0,3.3670000000011244,2.9982500000009336
2021-01-05 03:00:00+00:00,3.54375,0.0,3.166750000000616,3.1667500000006155
2021-01-05 03:15:00+00:00,3.3625,0.0,2.9665000000001074,2.966500000000107
2021-01-05 03:30:00+00:00,3.18125,0.0,2.7662499999995998,2.7662499999995998
2021-01-05 03:45:00+00:00,3.0,0.0,2.565999999999091,2.489083333332722
2021-01-05 04:00:00+00:00,2.8,0.0,2.134999999999477,2.414000000000952
2021-01-05 04:15:00+00:00,2.325,0.0,2.541000000004288,2.347333333334072
2021-01-05 04:30:00+00:00,1.85,0.0,2.3659999999984502,2.545000000000072
2021-01-05 04:45:00+00:00,1.375,0.0,2.727999999997478,2.7633333333319654
2021-01-05 05:00:00+00:00,0.9,0.0,3.195999999999967,2.9106666666658967
2021-01-05 05:15:00+00:00,0.95,0.0,2.8080000000002467,3.0223333333343376
2021-01-05 05:30:00+00:00,1.0,0.0,3.0630000000028006,2.891333333333675
2021-01-05 05:45:00+00:00,1.05,0.0,2.8029999999979776,2.931333333334633
2021-01-05 06:00:00+00:00,1.1,0.0,2.9280000000031223,2.916333333332553
2021-01-05 06:15:00+00:00,0.875,0.0,3.0179999999965603,3.026666666666641
2021-01-05 06:30:00+00:00,0.65,0.0,3.134000000000241,3.468333333332469
2021-01-05 06:45:00+00:00,0.4249999999999999,0.0,4.253000000000608,3.574333333333923
2021-01-05 07:00:00+00:00,0.2,0.0,3.33600000000092,4.027666666666804
2021-01-05 07:15:00+00:00,0.575,4.25,4.493999999998887,3.9316666666675215
2021-01-05 07:30:00+00:00,0.95,8.5,3.965000000002758,4.191333333333419
2021-01-05 07:45:00+00:00,1.325,12.750000000000002,4.114999999998613,4.145333333333002
2021-01-05 08:00:00+00:00,1.7,17.0,4.355999999997633,4.306666666665948
2021-01-05 08:15:00+00:00,2.375,50.0,4.4490000000016,4.741333333332731
2021-01-05 08:30:00+00:00,3.05,83.0,5.41899999999896,5.061000000000278
2021-01-05 08:45:00+00:00,3.725,116.0,5.315000000000273,5.69533333333375
2021-01-05 09:00:00+00:00,4.4,149.0,6.352000000002016,6.294000000000158
2021-01-05 09:15:00+00:00,4.9750000000000005,188.0,7.214999999998186,6.565000000000109
2021-01-05 09:30:00+00:00,5.550000000000001,227.0,6.128000000000124,6.97633333333268
2021-01-05 09:45:00+00:00,6.125,266.0,7.58599999999973,7.281999999999962
2021-01-05 10:00:00+00:00,6.7,305.0,8.132000000000033,7.559666666667025
2021-01-05 10:15:00+00:00,7.175,336.0,6.961000000001311,7.215333333333425
2021-01-05 10:30:00+00:00,7.65,367.0,6.55299999999893,7.163333333333717
2021-01-05 10:45:00+00:00,8.125,398.0,7.976000000000909,7.314333333332979
2021-01-05 11:00:00+00:00,8.6,429.0,7.413999999999103,7.625333333332851
2021-01-05 11:15:00+00:00,9.15,445.75,7.48599999999854,7.012333333332887
2021-01-05 11:30:00+00:00,9.7,462.5,6.1370000000010165,6.830666666666443
2021-01-05 11:45:00+00:00,10.25,479.25,6.868999999999772,6.629666666666449
2021-01-05 12:00:00+00:00,10.8,496.0,6.882999999998559,6.480999999999092
2021-01-05 12:15:00+00:00,11.025,499.5,5.690999999998946,5.800666666666348
2021-01-05 12:30:00+00:00,11.25,503.0,4.828000000001538,5.74633333333428
2021-01-05 12:45:00+00:00,11.475,506.5,6.720000000002358,6.059666666667556
2021-01-05 13:00:00+00:00,11.7,510.0,6.630999999998769,7.4013333333336435
2021-01-05 13:15:00+00:00,11.775,497.5,8.852999999999806,7.170333333332674
2021-01-05 13:30:00+00:00,11.85,485.0,6.026999999999443,7.074333333333013
2021-01-05 13:45:00+00:00,11.925,472.5,6.34299999999979,6.119000000000159
2021-01-05 14:00:00+00:00,12.0,460.0,5.987000000001243,6.306666666667579
2021-01-05 14:15:00+00:00,11.95,432.0,6.590000000001706,6.280666666666849
2021-01-05 14:30:00+00:00,11.9,404.0,6.264999999997598,6.480666666666828
2021-01-05 14:45:00+00:00,11.85,376.0,6.587000000001179,6.295666666665377
2021-01-05 15:00:00+00:00,11.8,348.0,6.034999999997355,5.940666666667545
2021-01-05 15:15:00+00:00,11.55,302.75,5.200000000004103,5.304666666666933
2021-01-05 15:30:00+00:00,11.3,257.5,4.678999999999345,4.896666666667467
2021-01-05 15:45:00+00:00,11.05,212.25,4.810999999998951,4.951666666666044
2021-01-05 16:00:00+00:00,10.8,167.0,5.364999999999835,4.815333333332533
2021-01-05 16:15:00+00:00,10.675,135.25,4.269999999998814,4.704333333333264
2021-01-05 16:30:00+00:00,10.55,103.5,4.478000000001144,4.35566666666714
2021-01-05 16:45:00+00:00,10.425,71.75,4.319000000001464,4.502000000000443
2021-01-05 17:00:00+00:00,10.3,40.0,4.708999999998721,4.667000000000349
2021-01-05 17:15:00+00:00,9.55,30.0,4.973000000000863,4.924666666666322
2021-01-05 17:30:00+00:00,8.8,20.0,5.091999999999383,5.516333333332742
2021-01-05 17:45:00+00:00,8.05,10.0,6.48399999999798,5.682666666666641
2021-01-05 18:00:00+00:00,7.3,0.0,5.47200000000256,6.2206666666665145
2021-01-05 18:15:00+00:00,7.15,0.0,6.705999999999006,5.862333333333804
2021-01-05 18:30:00+00:00,7.0,0.0,5.408999999999844,5.6489999999995
2021-01-05 18:45:00+00:00,6.85,0.0,4.831999999999649,5.0143333333334725
2021-01-05 19:00:00+00:00,6.7,0.0,4.802000000000926,4.897666666666591
2021-01-05 19:15:00+00:00,6.425,0.0,5.058999999999196,5.221333333333334
2021-01-05 19:30:00+00:00,6.15,0.0,5.802999999999878,5.338999999999472
2021-01-05 19:45:00+00:00,5.875,0.0,5.154999999999341,5.341666666667156
2021-01-05 20:00:00+00:00,5.6,0.0,5.067000000002251,4.959666666666801
2021-01-05 20:15:00+00:00,5.425,0.0,4.656999999998812,5.214666666666807
2021-01-05 20:30:00+00:00,5.25,0.0,5.919999999999359,5.6089999999994085
2021-01-05 20:45:00+00:00,5.075,0.0,6.250000000000054,5.895666666665754
2021-01-05 21:00:00+00:00,4.9,0.0,5.51699999999785,5.980999999999618
2021-01-05 21:15:00+00:00,4.7250000000000005,0.0,6.176000000000949,6.052999999999848
2021-01-05 21:30:00+00:00,4.550000000000001,0.0,6.466000000000743,6.26833333333407
2021-01-05 21:45:00+00:00,4.375,0.0,6.163000000000516,5.627000000000005
2021-01-05 22:00:00+00:00,4.2,0.0,4.251999999998756,5.1533333333334745
2021-01-05 22:15:00+00:00,3.95,0.0,5.04500000000115,4.6416666666658815
2021-01-05 22:30:00+00:00,3.7,0.0,4.627999999997739,4.551999999999972
2021-01-05 22:45:00+00:00,3.45,0.0,3.983000000001027,4.252000000000074
2021-01-05 23:00:00+00:00,3.2,0.0,4.145000000001458,4.111666666667567
2021-01-05 23:15:00+00:00,3.35,0.0,4.2070000000002175,3.972666666667074
2021-01-05 23:30:00+00:00,3.5,0.0,3.565999999999545,3.749666666665753
2021-01-05 23:45:00+00:00,3.65,0.0,3.475999999997496,3.293666666666011
2021-01-06 00:00:00+00:00,3.8,0.0,2.8390000000009903,3.0246666666665445
2021-01-06 00:15:00+00:00,3.675,0.0,2.759000000001148,2.7073333333342924
2021-01-06 00:30:00+00:00,3.55,0.0,2.524000000000739,2.532666666667692
2021-01-06 00:45:00+00:00,3.425,0.0,2.3150000000011883,2.425666666667665
2021-01-06 01:00:00+00:00,3.3,0.0,2.438000000001068,2.4776666666664533
2021-01-06 01:15:00+00:00,3.275,0.0,2.679999999997105,2.569333333332915
2021-01-06 01:30:00+00:00,3.25,0.0,2.590000000000571,2.508999999999709
2021-01-06 01:45:00+00:00,3.225,0.0,2.2570000000014527,2.355000000000026
2021-01-06 02:00:00+00:00,3.2,0.0,2.217999999998056,2.4293333333333265
2021-01-06 02:15:00+00:00,3.2,0.0,2.81300000000047,2.4396666666665863
2021-01-06 02:30:00+00:00,3.2,0.0,2.288000000001232,2.520333333333249
2021-01-06 02:45:00+00:00,3.2,0.0,2.459999999998045,2.404166666665987
2021-01-06 03:00:00+00:00,3.1437500000000003,0.0,2.4644999999986847,2.4644999999986847
2021-01-06 03:15:00+00:00,3.0875000000000004,0.0,2.4689999999993244,2.4689999999993244
2021-01-06 03:30:00+00:00,3.03125,0.0,2.4734999999999645,2.4734999999999645
2021-01-06 03:45:00+00:00,2.975,0.0,2.478000000000604,2.385166666666745
2021-01-06 04:00:00+00:00,2.9,0.0,2.2039999999996653,2.280999999999939
2021-01-06 04:15:00+00:00,2.9,0.0,2.1609999999995466,2.174000000000328
2021-01-06 04:30:00+00:00,2.9,0.0,2.157000000001773,2.1743333333345447
2021-01-06 04:45:00+00:00,2.9,0.0,2.2050000000023138,2.3050000000004136
2021-01-06 05:00:00+00:00,2.9,0.0,2.5529999999971538,2.490333333333759
2021-01-06 05:15:00+00:00,2.8,0.0,2.7130000000018093,2.793333333332638
2021-01-06 05:30:00+00:00,2.7,0.0,3.1139999999989505,2.846666666666728
2021-01-06 05:45:00+00:00,2.6,0.0,2.712999999999423,2.88299999999979
2021-01-06 06:00:00+00:00,2.5,0.0,2.822000000000997,2.729666666667487
2021-01-06 06:15:00+00:00,2.45,0.0,2.65400000000204,2.681333333333298
2021-01-06 06:30:00+00:00,2.4,0.0,2.5679999999968564,2.636666666666218
2021-01-06 06:45:00+00:00,2.35,0.0,2.68799999999976,2.66966666666596
2021-01-06 07:00:00+00:00,2.3,0.0,2.753000000001263,2.889666666665617
2021-01-06 07:15:00+00:00,2.425,3.0,3.227999999995828,3.0830000000006783
2021-01-06 07:30:00+00:00,2.55,6.0,3.268000000004943,3.271999999999212
2021-01-06 07:45:00+00:00,2.675,9.0,3.319999999996865,3.392666666668132
2021-01-06 08:00:00+00:00,2.8,12.0,3.590000000002587,3.412333333332401
2021-01-06 08:15:00+00:00,3.225,29.75,3.326999999997752,3.477333333334426
2021-01-06 08:30:00+00:00,3.65,47.5,3.515000000002939,3.440333333332649
2021-01-06 08:45:00+00:00,4.075,65.25,3.478999999997255,3.5070000000009784
2021-01-06 09:00:00+00:00,4.5,83.0,3.527000000002741,3.488999999999661
2021-01-06 09:15:00+00:00,5.275,114.5,3.460999999998988,3.4139999999999944
2021-01-06 09:30:00+00:00,6.05,146.0,3.2539999999982534,3.766666666665975
2021-01-06 09:45:00+00:00,6.824999999999999,177.5,4.585000000000686,4.235666666665808
2021-01-06 10:00:00+00:00,7.6,209.0,4.867999999998484,4.819000000000126
2021-01-06 10:15:00+00:00,8.075,228.5,5.004000000001208,4.840666666666489
2021-01-06 10:30:00+00:00,8.549999999999999,248.0,4.649999999999776,4.924000000000988
2021-01-06 10:45:00+00:00,9.025,267.5,5.11800000000198,5.302999999999653
2021-01-06 11:00:00+00:00,9.5,287.0,6.140999999997203,6.251000000000977
2021-01-06 11:15:00+00:00,9.45,301.75,7.494000000003747,6.434666666666037
2021-01-06 11:30:00+00:00,9.4,316.5,5.668999999997163,6.151333333333047
2021-01-06 11:45:00+00:00,9.35,331.25,5.290999999998233,5.20966666666591
2021-01-06 12:00:00+00:00,9.3,346.0,4.669000000002336,5.265000000000277
2021-01-06 12:15:00+00:00,9.65,353.25,5.835000000000259,5.096000000001136
2021-01-06 12:30:00+00:00,10.0,360.5,4.7840000000008125,4.832000000000492
2021-01-06 12:45:00+00:00,10.35,367.75,3.877000000000404,4.242333333333992
2021-01-06 13:00:00+00:00,10.7,375.0,4.06600000000076,3.765666666666055
2021-01-06 13:15:00+00:00,10.8,367.0,3.353999999996999,3.720333333331842
2021-01-06 13:30:00+00:00,10.9,359.0,3.7409999999977663,3.60966666666608
2021-01-06 13:45:00+00:00,11.0,351.0,3.7340000000034728,3.7940000000008607
2021-01-06 14:00:00+00:00,11.1,343.0,3.907000000001344,3.623666666667463
2021-01-06 14:15:00+00:00,11.15,319.0,3.229999999997572,3.2493333333329204
2021-01-06 14:30:00+00:00,11.2,295.0,2.610999999999847,2.902666666666778
2021-01-06 14:45:00+00:00,11.25,271.0,2.867000000002916,2.772333333333694
2021-01-06 15:00:00+00:00,11.3,247.0,2.838999999998319,2.959666666666879
2021-01-06 15:15:00+00:00,11.2,213.0,3.1729999999994023,2.9786666666659567
2021-01-06 15:30:00+00:00,11.1,179.0,2.9240000000001483,2.9723333333340047
2021-01-06 15:45:00+00:00,11.0,145.0,2.820000000002464,2.6980000000005657
2021-01-06 16:00:00+00:00,10.9,111.0,2.349999999999085,2.398999999999677
2021-01-06 16:15:00+00:00,10.525,89.25,2.026999999997483,2.2113333333326644
2021-01-06 16:30:00+00:00,10.15,67.5,2.2570000000014248,2.2886666666655704
2021-01-06 16:45:00+00:00,9.775,45.75,2.581999999997803,2.4609999999998493
2021-01-06 17:00:00+00:00,9.4,24.0,2.54400000000032,2.927666666666735
2021-01-06 17:15:00+00:00,9.3,18.0,3.657000000002082,3.183333333334177
2021-01-06 17:30:00+00:00,9.2,12.0,3.349000000000129,3.536000000000652
2021-01-06 17:45:00+00:00,9.1,6.0,3.6019999999997463,3.768666666666791
2021-01-06 18:00:00+00:00,9.0,0.0,4.355000000000498,4.082000000000446
2021-01-06 18:15:00+00:00,8.925,0.0,4.289000000001092,4.320333333332936
2021-01-06 18:30:00+00:00,8.85,0.0,4.316999999997218,4.1043333333327015
2021-01-06 18:45:00+00:00,8.775,0.0,3.706999999999793,3.926333333333281
2021-01-06 19:00:00+00:00,8.7,0.0,3.755000000002832,4.434000000000524
2021-01-06 19:15:00+00:00,8.649999999999999,0.0,5.839999999998947,4.58366666666726
2021-01-06 19:30:00+00:00,8.6,0.0,4.156000000000002,4.856666666665334
2021-01-06 19:45:00+00:00,8.55,0.0,4.573999999997053,4.694666666665679
2021-01-06 20:00:00+00:00,8.5,0.0,5.353999999999982,5.132999999999808
2021-01-06 20:15:00+00:00,8.425,0.0,5.471000000002388,5.599666666667111
2021-01-06 20:30:00+00:00,8.35,0.0,5.973999999998961,5.648333333334359
2021-01-06 20:45:00+00:00,8.275,0.0,5.500000000001728,5.485666666666792
2021-01-06 21:00:00+00:00,8.2,0.0,4.982999999999687,5.085333333333604
2021-01-06 21:15:00+00:00,8.149999999999999,0.0,4.772999999999397,4.929333333333447
2021-01-06 21:30:00+00:00,8.1,0.0,5.032000000001257,4.997999999999863
2021-01-06 21:45:00+00:00,8.05,0.0,5.188999999998939,5.148999999999789
2021-01-06 22:00:00+00:00,8.0,0.0,5.225999999999171,5.251666666666567
2021-01-06 22:15:00+00:00,7.9,0.0,5.340000000001592,5.410333333332438
2021-01-06 22:30:00+00:00,7.8,0.0,5.664999999996549,5.484333333333886
2021-01-06 22:45:00+00:00,7.699999999999999,0.0,5.448000000003517,4.960999999999494
2021-01-06 23:00:00+00:00,7.6,0.0,3.769999999998416,4.38533333333348
2021-01-06 23:15:00+00:00,7.475,0.0,3.937999999998506,3.9109999999998464
2021-01-06 23:30:00+00:00,7.35,0.0,4.025000000002616,3.772666666667122
2021-01-06 23:45:00+00:00,7.225,0.0,3.355000000000244,3.4626666666678028
2021-01-07 00:00:00+00:00,7.1,0.0,3.008000000000549,3.3729999999995903
2021-01-07 00:15:00+00:00,7.05,0.0,3.7559999999979774,3.264999999999368
2021-01-07 00:30:00+00:00,7.0,0.0,3.030999999999579,3.4663333333331514
2021-01-07 00:45:00+00:00,6.95,0.0,3.6120000000018977,3.081666666667482
2021-01-07 01:00:00+00:00,6.9,0.0,2.602000000000969,3.0123333333338174
2021-01-07 01:15:00+00:00,6.800000000000001,0.0,2.8229999999985846,2.502999999999634
2021-01-07 01:30:00+00:00,6.7,0.0,2.0839999999993486,2.4713333333323515
2021-01-07 01:45:00+00:00,6.6,0.0,2.5069999999991217,2.3416666666667805
2021-01-07 02:00:00+00:00,6.5,0.0,2.434000000001871,2.3750000000001017
2021-01-07 02:15:00+00:00,6.375,0.0,2.183999999999313,2.318666666668149
2021-01-07 02:30:00+00:00,6.25,0.0,2.3380000000032632,2.23499999999988
2021-01-07 02:45:00+00:00,6.125,0.0,2.1829999999970635,2.2879166666661432
2021-01-07 03:00:00+00:00,6.05625,0.0,2.3427499999981034,2.342749999998104
2021-01-07 03:15:00+00:00,5.9875,0.0,2.502499999999144,2.502499999999144
2021-01-07 03:30:00+00:00,5.918749999999999,0.0,2.662250000000184,2.662250000000184
2021-01-07 03:45:00+00:00,5.85,0.0,2.822000000001224,2.6317500000005736
2021-01-07 04:00:00+00:00,5.8,0.0,2.411000000000312,2.5006666666654653
2021-01-07 04:15:00+00:00,5.75,0.0,2.26899999999486,2.3906666666659526
2021-01-07 04:30:00+00:00,5.699999999999999,0.0,2.4920000000026867,2.5376666666652805
2021-01-07 04:45:00+00:00,5.65,0.0,2.851999999998296,2.6510000000022917
2021-01-07 05:00:00+00:00,5.6,0.0,2.609000000005892,2.8846666666663423
2021-01-07 05:15:00+00:00,5.5,0.0,3.192999999994838,2.777000000000554
2021-01-07 05:30:00+00:00,5.4,0.0,2.5290000000009325,2.988999999998629
2021-01-07 05:45:00+00:00,5.3,0.0,3.245000000000116,3.018000000001012
2021-01-07 06:00:00+00:00,5.2,0.0,3.280000000001988,3.2150000000006838
2021-01-07 06:15:00+00:00,5.05,0.0,3.1199999999999446,3.3250000000012268
2021-01-07 06:30:00+00:00,4.9,0.0,3.575000000001748,3.473333333333592
2021-01-07 06:45:00+00:00,4.75,0.0,3.7249999999990826,3.877333333333636
2021-01-07 07:00:00+00:00,4.6,0.0,4.332000000000076,4.241999999999163
2021-01-07 07:15:00+00:00,4.5,0.25,4.668999999998332,4.602666666666501
2021-01-07 07:30:00+00:00,4.4,0.5,4.807000000001094,4.741666666666235
2021-01-07 07:45:00+00:00,4.3,0.75,4.74899999999928,4.910000000000534
2021-01-07 08:00:00+00:00,4.2,1.0,5.174000000001229,5.06600000000052
2021-01-07 08:15:00+00:00,4.25,5.0,5.275000000001054,5.204333333333529
2021-01-07 08:30:00+00:00,4.300000000000001,9.0,5.163999999998305,5.253000000000494
2021-01-07 08:45:00+00:00,4.3500000000000005,13.0,5.320000000002124,5.841999999999856
2021-01-07 09:00:00+00:00,4.4,17.0,7.041999999999138,6.132333333333127
2021-01-07 09:15:00+00:00,4.5,23.0,6.03499999999812,6.7249999999994765
2021-01-07 09:30:00+00:00,4.6,29.0,7.098000000001172,6.663666666666193
2021-01-07 09:45:00+00:00,4.7,35.0,6.857999999999287,6.673666666666693
2021-01-07 10:00:00+00:00,4.8,41.0,6.064999999999622,6.331666666666549
2021-01-07 10:15:00+00:00,4.9,47.25,6.072000000000737,6.217000000000614
2021-01-07 10:30:00+00:00,5.0,53.5,6.514000000001484,5.868666666666982
2021-01-07 10:45:00+00:00,5.1,59.75,5.019999999998725,5.573000000000942
2021-01-07 11:00:00+00:00,5.2,66.0,5.185000000002617,5.424333333332817
2021-01-07 11:15:00+00:00,5.075,66.0,6.0679999999971095,6.1136666666673385
2021-01-07 11:30:00+00:00,4.95,66.0,7.088000000002291,6.276333333332718
2021-01-07 11:45:00+00:00,4.825,66.0,5.672999999998753,6.698999999999507
2021-01-07 12:00:00+00:00,4.7,66.0,7.335999999997477,6.569333333332572
2021-01-07 12:15:00+00:00,4.7,60.75,6.699000000001485,6.948999999999522
2021-01-07 12:30:00+00:00,4.7,55.5,6.811999999999604,6.909666666666799
2021-01-07 12:45:00+00:00,4.7,50.25,7.217999999999306,6.645000000000089
2021-01-07 13:00:00+00:00,4.7,45.0,5.905000000001359,6.802666666666847
2021-01-07 13:15:00+00:00,4.8,42.5,7.284999999999875,6.441000000001019
2021-01-07 13:30:00+00:00,4.9,40.0,6.133000000001823,6.825333333332529
2021-01-07 13:45:00+00:00,5.0,37.5,7.057999999995889,6.677666666667175
2021-01-07 14:00:00+00:00,5.1,35.0,6.842000000003815,7.008333333332911
2021-01-07 14:15:00+00:00,5.15,35.0,7.124999999999028,7.456333333334142
2021-01-07 14:30:00+00:00,5.199999999999999,35.0,8.401999999999582,7.504333333332942
2021-01-07 14:45:00+00:00,5.25,35.0,6.986000000000215,7.672333333332637
2021-01-07 15:00:00+00:00,5.3,35.0,7.628999999998114,6.965333333333923
2021-01-07 15:15:00+00:00,5.25,32.5,6.281000000003442,6.537666666667309
2021-01-07 15:30:00+00:00,5.199999999999999,30.0,5.703000000000369,5.288000000000728
2021-01-07 15:45:00+00:00,5.15,27.5,3.8799999999983705,5.1726666666666725
2021-01-07 16:00:00+00:00,5.1,25.0,5.935000000001276,4.463333333331799
2021-01-07 16:15:00+00:00,5.125,20.0,3.574999999995752,4.953666666667096
2021-01-07 16:30:00+00:00,5.15,15.0,5.351000000004258,4.508333333332318
2021-01-07 16:45:00+00:00,5.175,10.0,4.598999999996945,5.001666666667807
2021-01-07 17:00:00+00:00,5.2,5.0,5.055000000002219,4.818666666665835
2021-01-07 17:15:00+00:00,5.225,3.75,4.8019999999983405,4.630666666666813
2021-01-07 17:30:00+00:00,5.25,2.5,4.034999999999879,4.410999999999088
2021-01-07 17:45:00+00:00,5.275,1.25,4.395999999999046,4.447666666666916
2021-01-07 18:00:00+00:00,5.3,0.0,4.912000000001823,4.381666666667235
2021-01-07 18:15:00+00:00,5.3,0.0,3.837000000000837,4.7676666666660745
2021-01-07 18:30:00+00:00,5.3,0.0,5.553999999995565,5.191999999998942
2021-01-07 18:45:00+00:00,5.3,0.0,6.185000000000424,6.003333333332454
2021-01-07 19:00:00+00:00,5.3,0.0,6.271000000001375,5.809666666667251
2021-01-07 19:15:00+00:00,5.3,0.0,4.972999999999954,5.937000000000737
2021-01-07 19:30:00+00:00,5.3,0.0,6.567000000000882,5.9173333333334925
2021-01-07 19:45:00+00:00,5.3,0.0,6.211999999999643,6.501333333333978
2021-01-07 20:00:00+00:00,5.3,0.0,6.725000000001409,6.873666666667475
2021-01-07 20:15:00+00:00,5.275,0.0,7.6840000000013715,7.187333333334027
2021-01-07 20:30:00+00:00,5.25,0.0,7.152999999999298,6.953333333333391
2021-01-07 20:45:00+00:00,5.225,0.0,6.022999999999504,6.691666666666625
2021-01-07 21:00:00+00:00,5.2,0.0,6.899000000001074,6.607666666666756
2021-01-07 21:15:00+00:00,5.15,0.0,6.900999999999689,6.604666666666687
2021-01-07 21:30:00+00:00,5.1,0.0,6.013999999999296,6.122999999999048
2021-01-07 21:45:00+00:00,5.05,0.0,5.453999999998157,5.895666666665682
2021-01-07 22:00:00+00:00,5.0,0.0,6.2189999999995935,5.639000000000007
2021-01-07 22:15:00+00:00,5.0,0.0,5.244000000002269,5.439333333333732
2021-01-07 22:30:00+00:00,5.0,0.0,4.8549999999993325,4.604666666666888
2021-01-07 22:45:00+00:00,5.0,0.0,3.714999999999062,3.866333333333573
2021-01-07 23:00:00+00:00,5.0,0.0,3.029000000002326,3.329333333332791
2021-01-07 23:15:00+00:00,4.875,0.0,3.243999999996985,3.2680000000002267
2021-01-07 23:30:00+00:00,4.75,0.0,3.531000000001369,3.651666666665409
2021-01-07 23:45:00+00:00,4.625,0.0,4.179999999997873,3.8003333333339406
